485384.6;0
485384.8;0
485385;0
485385.2;0
485385.4;0
485385.6;0
485385.8;0
485386;0
485386.2;0
485386.4;0
485386.6;0
485386.8;0
485387;0
485387.2;0
485387.4;0
485387.6;0
485387.8;0
485388;0
485388.2;0
485388.4;0
485388.6;0
485388.8;0
485389;0
485389.2;0
485389.4;0
485389.6;0
485389.8;0
485390;0
485390.2;0
485390.4;0
485390.6;0
485390.8;0
485391;0
485391.2;0
485391.4;0
485391.6;0
485391.8;0
485392;0
485392.2;0
485392.4;0
485392.6;0
485392.8;0
485393;0
485393.2;0
485393.4;0
485393.6;0
485393.8;0
485394;0
485394.2;0
485394.4;0
485394.6;0
485394.8;0
485395;0
485395.2;0
485395.4;0
485395.6;0
485395.8;0
485396;0
485396.2;0
485396.4;0
485396.6;0
485396.8;0
485397;0
485397.2;0
485397.4;0
485397.6;0
485397.8;0
485398;0
485398.2;0
485398.4;0
485398.6;0
485398.8;0
485399;0
485399.2;0
485399.4;0
485399.6;0
485399.8;0
485400;0
485400.2;0
485400.4;0
485400.6;0
485400.8;0
485401;0
485401.2;0
485401.4;0
485401.6;0
485401.8;0
485402;0
485402.2;0
485402.4;0
485402.6;0
485402.8;0
485403;0
485403.2;0
485403.4;0
485403.6;0
485403.8;0
485404;0
485404.2;0
485404.4;0
485404.6;0
485404.8;0
485405;0
485405.2;0
485405.4;0
485405.6;0
485405.8;0
485406;0
485406.2;0
485406.4;0
485406.6;0
485406.8;0
485407;0
485407.2;0
485407.4;0
485407.6;0
485407.8;0
485408;0
485408.2;0
485408.4;0
485408.6;0
485408.8;0
485409;0
485409.2;0
485409.4;0
485409.6;0
485409.8;0
485410;0
485410.2;0
485410.4;0
485410.6;0
485410.8;0
485411;0
485411.2;0
485411.4;0
485411.6;0
485411.8;0
485412;0
485412.2;0
485412.4;0
485412.6;0
485412.8;0
485413;0
485413.2;0
485413.4;0
485413.6;0
485413.8;0
485414;0
485414.2;0
485414.4;0
485414.6;0
485414.8;0
485415;0
485415.2;0
485415.4;0
485415.6;0
485415.8;0
485416;0
485416.2;0
485416.4;0
485416.6;0
485416.8;0
485417;0
485417.2;0
485417.4;0
485417.6;0
485417.8;0
485418;0
485418.2;0
485418.4;0
485418.6;0
485418.8;0
485419;0
485419.2;0
485419.4;0
485419.6;0
485419.8;0
485420;0
485420.2;0
485420.4;0
485420.6;0
485420.8;0
485421;0
485421.2;0
485421.4;0
485421.6;0
485421.8;0
485422;0
485422.2;0
485422.4;0
485422.6;0
485422.8;0
485423;0
485423.2;0
485423.4;0
485423.6;0
485423.8;0
485424;0
485424.2;0
485424.4;0
485424.6;0
485424.8;0
485425;0
485425.2;0
485425.4;0
485425.6;0
485425.8;0
485426;0
485426.2;0
485426.4;0
485426.6;0
485426.8;0
485427;0
485427.2;0
485427.4;0
485427.6;0
485427.8;0
485428;0
485428.2;0
485428.4;0
485428.6;0
485428.8;0
485429;0
485429.2;0
485429.4;0
485429.6;0
485429.8;0
485430;0
485430.2;0
485430.4;0
485430.6;0
485430.8;0
485431;0
485431.2;0
485431.4;0
485431.6;0
485431.8;0
485432;0
485432.2;0
485432.4;0
485432.6;0
485432.8;0
485433;0
485433.2;0
485433.4;0
485433.6;0
485433.8;0
485434;0
485434.2;0
485434.4;0
485434.6;0
485434.8;0
485435;0
485435.2;0
485435.4;0
485435.6;0
485435.8;0
485436;0
485436.2;0
485436.4;0
485436.6;0
485436.8;0
485437;0
485437.2;0
485437.4;0
485437.6;0
485437.8;0
485438;0
485438.2;0
485438.4;0
485438.6;0
485438.8;0
485439;0
485439.2;0
485439.4;0
485439.6;0
485439.8;0
485440;0
485440.2;0
485440.4;0
485440.6;0
485440.8;0
485441;0
485441.2;0
485441.4;0
485441.6;0
485441.8;0
485442;0
485442.2;0
485442.4;0
485442.6;0
485442.8;0
485443;0
485443.2;0
485443.4;0
485443.6;0
485443.8;0
485444;0
485444.2;0
485444.4;0
485444.6;0
485444.8;0
485445;0
485445.2;0
485445.4;0
485445.6;0
485445.8;0
485446;0
485446.2;0
485446.4;0
485446.6;0
485446.8;0
485447;0
485447.2;0
485447.4;0
485447.6;0
485447.8;0
485448;0
485448.2;0
485448.4;0
485448.6;0
485448.8;0
485449;0
485449.2;0
485449.4;0
485449.6;0
485449.8;0
485450;0
485450.2;0
485450.4;0
485450.6;0
485450.8;0
485451;0
485451.2;0
485451.4;0
485451.6;0
485451.8;0
485452;0
485452.2;0
485452.4;0
485452.6;0
485452.8;0
485453;0
485453.2;0
485453.4;0
485453.6;0
485453.8;0
485454;0
485454.2;0
485454.4;0
485454.6;0
485454.8;0
485455;0
485455.2;0
485455.4;0
485455.6;0
485455.8;0
485456;0
485456.2;0
485456.4;0
485456.6;0
485456.8;0
485457;0
485457.2;0
485457.4;0
485457.6;0
485457.8;0
485458;0
485458.2;0
485458.4;0
485458.6;0
485458.8;0
485459;0
485459.2;0
485459.4;0
485459.6;0
485459.8;0
485460;0
485460.2;0
485460.4;0
485460.6;0
485460.8;0
485461;0
485461.2;0
485461.4;0
485461.6;0
485461.8;0
485462;0
485462.2;0
485462.4;0
485462.6;0
485462.8;0
485463;0
485463.2;0
485463.4;0
485463.6;0
485463.8;0
485464;0
485464.2;0
485464.4;0
485464.6;0
485464.8;0
485465;0
485465.2;0
485465.4;0
485465.6;0
485465.8;0
485466;0
485466.2;0
485466.4;0
485466.6;0
485466.8;0
485467;0
485467.2;0
485467.4;1
485467.6;1
485467.8;1
485468;1
485468.2;1
485468.4;1
485468.6;1
485468.8;1
485469;1
485469.2;1
485469.4;1
485469.6;1
485469.8;1
485470;1
485470.2;1
485470.4;1
485470.6;1
485470.8;1
485471;1
485471.2;1
485471.4;1
485471.6;1
485471.8;1
485472;1
485472.2;1
485472.4;1
485472.6;1
485472.8;1
485473;1
485473.2;1
485473.4;1
485473.6;1
485473.8;1
485474;1
485474.2;1
485474.4;1
485474.6;1
485474.8;1
485475;1
485475.2;1
485475.4;1
485475.6;1
485475.8;1
485476;1
485476.2;1
485476.4;1
485476.6;1
485476.8;1
485477;1
485477.2;1
485477.4;1
485477.6;1
485477.8;1
485478;1
485478.2;1
485478.4;1
485478.6;1
485478.8;1
485479;1
485479.2;1
485479.4;1
485479.6;1
485479.8;1
485480;1
485480.2;1
485480.4;1
485480.6;1
485480.8;1
485481;1
485481.2;1
485481.4;1
485481.6;1
485481.8;1
485482;1
485482.2;1
485482.4;1
485482.6;1
485482.8;1
485483;1
485483.2;1
485483.4;1
485483.6;1
485483.8;1
485484;1
485484.2;1
485484.4;1
485484.6;1
485484.8;1
485485;1
485485.2;1
485485.4;1
485485.6;1
485485.8;1
485486;1
485486.2;1
485486.4;1
485486.6;1
485486.8;1
485487;1
485487.2;1
485487.4;1
485487.6;1
485487.8;1
485488;1
485488.2;1
485488.4;1
485488.6;1
485488.8;1
485489;1
485489.2;1
485489.4;1
485489.6;1
485489.8;1
485490;1
485490.2;1
485490.4;1
485490.6;1
485490.8;1
485491;1
485491.2;1
485491.4;1
485491.6;1
485491.8;1
485492;1
485492.2;1
485492.4;1
485492.6;1
485492.8;1
485493;1
485493.2;1
485493.4;1
485493.6;1
485493.8;1
485494;1
485494.2;1
485494.4;1
485494.6;1
485494.8;1
485495;1
485495.2;1
485495.4;1
485495.6;1
485495.8;1
485496;1
485496.2;1
485496.4;1
485496.6;1
485496.8;1
485497;1
485497.2;1
485497.4;1
485497.6;1
485497.8;1
485498;1
485498.2;1
485498.4;1
485498.6;1
485498.8;1
485499;1
485499.2;1
485499.4;1
485499.6;1
485499.8;1
485500;1
485500.2;1
485500.4;1
485500.6;1
485500.8;1
485501;1
485501.2;1
485501.4;1
485501.6;1
485501.8;1
485502;1
485502.2;1
485502.4;1
485502.6;1
485502.8;1
485503;1
485503.2;1
485503.4;1
485503.6;1
485503.8;1
485504;1
485504.2;1
485504.4;1
485504.6;1
485504.8;1
485505;1
485505.2;1
485505.4;1
485505.6;1
485505.8;1
485506;1
485506.2;1
485506.4;1
485506.6;1
485506.8;1
485507;1
485507.2;1
485507.4;1
485507.6;1
485507.8;1
485508;1
485508.2;1
485508.4;1
485508.6;1
485508.8;1
485509;1
485509.2;1
485509.4;1
485509.6;1
485509.8;1
485510;1
485510.2;1
485510.4;1
485510.6;1
485510.8;1
485511;1
485511.2;1
485511.4;1
485511.6;1
485511.8;1
485512;1
485512.2;1
485512.4;1
485512.6;1
485512.8;1
485513;1
485513.2;1
485513.4;1
485513.6;1
485513.8;1
485514;1
485514.2;0
485514.4;0
485514.6;0
485514.8;0
485515;0
485515.2;0
485515.4;0
485515.6;0
485515.8;0
485516;0
485516.2;0
485516.4;0
485516.6;0
485516.8;0
485517;0
485517.2;0
485517.4;0
485517.6;0
485517.8;0
485518;0
485518.2;0
485518.4;0
485518.6;0
485518.8;0
485519;0
485519.2;0
485519.4;0
485519.6;0
485519.8;0
485520;0
485520.2;0
485520.4;0
485520.6;0
485520.8;0
485521;0
485521.2;0
485521.4;0
485521.6;0
485521.8;0
485522;0
485522.2;0
485522.4;0
485522.6;0
485522.8;0
485523;0
485523.2;0
485523.4;0
485523.6;0
485523.8;0
485524;0
485524.2;0
485524.4;0
485524.6;0
485524.8;0
485525;0
485525.2;0
485525.4;2
485525.6;2
485525.8;2
485526;2
485526.2;2
485526.4;2
485526.6;2
485526.8;2
485527;2
485527.2;2
485527.4;2
485527.6;2
485527.8;2
485528;2
485528.2;2
485528.4;2
485528.6;2
485528.8;2
485529;2
485529.2;2
485529.4;2
485529.6;2
485529.8;2
485530;2
485530.2;2
485530.4;2
485530.6;2
485530.8;2
485531;2
485531.2;2
485531.4;2
485531.6;2
485531.8;2
485532;2
485532.2;2
485532.4;2
485532.6;2
485532.8;2
485533;2
485533.2;2
485533.4;2
485533.6;2
485533.8;2
485534;2
485534.2;2
485534.4;2
485534.6;2
485534.8;2
485535;2
485535.2;2
485535.4;2
485535.6;2
485535.8;2
485536;2
485536.2;2
485536.4;2
485536.6;2
485536.8;2
485537;2
485537.2;2
485537.4;2
485537.6;2
485537.8;2
485538;2
485538.2;2
485538.4;2
485538.6;2
485538.8;2
485539;2
485539.2;2
485539.4;2
485539.6;2
485539.8;2
485540;2
485540.2;2
485540.4;2
485540.6;2
485540.8;2
485541;2
485541.2;2
485541.4;2
485541.6;2
485541.8;2
485542;2
485542.2;2
485542.4;2
485542.6;2
485542.8;2
485543;2
485543.2;2
485543.4;2
485543.6;2
485543.8;2
485544;2
485544.2;2
485544.4;2
485544.6;2
485544.8;2
485545;2
485545.2;2
485545.4;2
485545.6;2
485545.8;2
485546;2
485546.2;2
485546.4;2
485546.6;2
485546.8;2
485547;2
485547.2;2
485547.4;2
485547.6;2
485547.8;2
485548;2
485548.2;2
485548.4;2
485548.6;2
485548.8;2
485549;2
485549.2;2
485549.4;2
485549.6;2
485549.8;2
485550;2
485550.2;2
485550.4;2
485550.6;2
485550.8;2
485551;2
485551.2;2
485551.4;2
485551.6;2
485551.8;2
485552;2
485552.2;2
485552.4;2
485552.6;2
485552.8;2
485553;2
485553.2;2
485553.4;2
485553.6;2
485553.8;2
485554;2
485554.2;2
485554.4;2
485554.6;2
485554.8;2
485555;2
485555.2;2
485555.4;2
485555.6;2
485555.8;2
485556;2
485556.2;2
485556.4;2
485556.6;2
485556.8;2
485557;2
485557.2;2
485557.4;2
485557.6;2
485557.8;2
485558;2
485558.2;2
485558.4;2
485558.6;2
485558.8;2
485559;2
485559.2;2
485559.4;2
485559.6;2
485559.8;2
485560;2
485560.2;2
485560.4;2
485560.6;2
485560.8;2
485561;2
485561.2;2
485561.4;2
485561.6;2
485561.8;2
485562;2
485562.2;2
485562.4;2
485562.6;2
485562.8;2
485563;2
485563.2;2
485563.4;2
485563.6;2
485563.8;2
485564;2
485564.2;2
485564.4;2
485564.6;2
485564.8;2
485565;2
485565.2;2
485565.4;2
485565.6;2
485565.8;2
485566;2
485566.2;2
485566.4;2
485566.6;2
485566.8;2
485567;2
485567.2;2
485567.4;2
485567.6;2
485567.8;2
485568;2
485568.2;2
485568.4;2
485568.6;2
485568.8;2
485569;2
485569.2;2
485569.4;2
485569.6;2
485569.8;2
485570;2
485570.2;2
485570.4;2
485570.6;2
485570.8;2
485571;2
485571.2;2
485571.4;2
485571.6;2
485571.8;2
485572;2
485572.2;2
485572.4;2
485572.6;2
485572.8;2
485573;2
485573.2;2
485573.4;2
485573.6;2
485573.8;2
485574;2
485574.2;2
485574.4;2
485574.6;2
485574.8;2
485575;2
485575.2;2
485575.4;2
485575.6;2
485575.8;2
485576;2
485576.2;2
485576.4;2
485576.6;2
485576.8;2
485577;2
485577.2;2
485577.4;2
485577.6;2
485577.8;2
485578;2
485578.2;2
485578.4;2
485578.6;2
485578.8;2
485579;2
485579.2;2
485579.4;2
485579.6;2
485579.8;2
485580;2
485580.2;2
485580.4;2
485580.6;2
485580.8;2
485581;2
485581.2;2
485581.4;2
485581.6;2
485581.8;2
485582;2
485582.2;2
485582.4;2
485582.6;2
485582.8;2
485583;2
485583.2;2
485583.4;2
485583.6;2
485583.8;2
485584;2
485584.2;2
485584.4;2
485584.6;2
485584.8;2
485585;2
485585.2;2
485585.4;2
485585.6;2
485585.8;2
485586;2
485586.2;2
485586.4;2
485586.6;2
485586.8;2
485587;2
485587.2;2
485587.4;2
485587.6;2
485587.8;2
485588;2
485588.2;2
485588.4;2
485588.6;2
485588.8;2
485589;2
485589.2;2
485589.4;2
485589.6;2
485589.8;2
485590;2
485590.2;2
485590.4;2
485590.6;2
485590.8;2
485591;2
485591.2;2
485591.4;2
485591.6;2
485591.8;2
485592;2
485592.2;2
485592.4;2
485592.6;2
485592.8;2
485593;2
485593.2;2
485593.4;2
485593.6;2
485593.8;2
485594;2
485594.2;2
485594.4;2
485594.6;2
485594.8;2
485595;2
485595.2;2
485595.4;2
485595.6;2
485595.8;2
485596;2
485596.2;2
485596.4;2
485596.6;2
485596.8;2
485597;2
485597.2;2
485597.4;2
485597.6;2
485597.8;2
485598;0
485598.2;0
485598.4;0
485598.6;0
485598.8;0
485599;0
485599.2;0
485599.4;0
485599.6;0
485599.8;0
485600;0
485600.2;0
485600.4;0
485600.6;0
485600.8;0
485601;0
485601.2;0
485601.4;0
485601.6;0
485601.8;0
485602;0
485602.2;0
485602.4;0
485602.6;0
485602.8;0
485603;0
485603.2;0
485603.4;0
485603.6;0
485603.8;0
485604;0
485604.2;0
485604.4;0
485604.6;0
485604.8;0
485605;0
485605.2;0
485605.4;0
485605.6;0
485605.8;0
485606;0
485606.2;0
485606.4;0
485606.6;0
485606.8;0
485607;0
485607.2;0
485607.4;0
485607.6;0
485607.8;0
485608;0
485608.2;0
485608.4;0
485608.6;0
485608.8;0
485609;0
485609.2;0
485609.4;1
485609.6;1
485609.8;1
485610;1
485610.2;1
485610.4;1
485610.6;1
485610.8;1
485611;1
485611.2;1
485611.4;1
485611.6;1
485611.8;1
485612;1
485612.2;1
485612.4;1
485612.6;1
485612.8;1
485613;1
485613.2;1
485613.4;1
485613.6;1
485613.8;1
485614;1
485614.2;1
485614.4;1
485614.6;1
485614.8;1
485615;1
485615.2;1
485615.4;1
485615.6;1
485615.8;1
485616;1
485616.2;1
485616.4;1
485616.6;1
485616.8;1
485617;1
485617.2;1
485617.4;1
485617.6;1
485617.8;1
485618;1
485618.2;1
485618.4;1
485618.6;1
485618.8;1
485619;1
485619.2;1
485619.4;1
485619.6;1
485619.8;1
485620;1
485620.2;1
485620.4;1
485620.6;1
485620.8;1
485621;1
485621.2;1
485621.4;1
485621.6;1
485621.8;1
485622;1
485622.2;1
485622.4;1
485622.6;1
485622.8;1
485623;1
485623.2;1
485623.4;1
485623.6;1
485623.8;1
485624;1
485624.2;1
485624.4;1
485624.6;1
485624.8;1
485625;1
485625.2;1
485625.4;1
485625.6;1
485625.8;1
485626;1
485626.2;1
485626.4;1
485626.6;1
485626.8;1
485627;1
485627.2;1
485627.4;1
485627.6;1
485627.8;1
485628;1
485628.2;1
485628.4;1
485628.6;1
485628.8;1
485629;1
485629.2;1
485629.4;1
485629.6;1
485629.8;1
485630;1
485630.2;1
485630.4;1
485630.6;1
485630.8;1
485631;1
485631.2;1
485631.4;1
485631.6;0
485631.8;0
485632;0
485632.2;0
485632.4;0
485632.6;0
485632.8;0
485633;0
485633.2;0
485633.4;0
485633.6;0
485633.8;0
485634;0
485634.2;0
485634.4;0
485634.6;0
485634.8;0
485635;0
485635.2;0
485635.4;0
485635.6;0
485635.8;0
485636;0
485636.2;0
485636.4;0
485636.6;0
485636.8;0
485637;0
485637.2;0
485637.4;0
485637.6;0
485637.8;0
485638;0
485638.2;0
485638.4;0
485638.6;0
485638.8;0
485639;0
485639.2;0
485639.4;0
485639.6;0
485639.8;0
485640;0
485640.2;0
485640.4;0
485640.6;0
485640.8;0
485641;0
485641.2;0
485641.4;0
485641.6;0
485641.8;0
485642;0
485642.2;0
485642.4;0
485642.6;0
485642.8;0
485643;0
485643.2;0
485643.4;0
485643.6;0
485643.8;0
485644;0
485644.2;0
485644.4;0
485644.6;0
485644.8;0
485645;0
485645.2;0
485645.4;0
485645.6;0
485645.8;0
485646;0
485646.2;0
485646.4;0
485646.6;0
485646.8;0
485647;0
485647.2;0
485647.4;0
485647.6;0
485647.8;0
485648;0
485648.2;0
485648.4;0
485648.6;0
485648.8;0
485649;0
485649.2;0
485649.4;0
485649.6;0
485649.8;0
485650;0
485650.2;0
485650.4;0
485650.6;0
485650.8;0
485651;0
485651.2;0
485651.4;0
485651.6;0
485651.8;0
485652;0
485652.2;0
485652.4;0
485652.6;0
485652.8;0
485653;0
485653.2;0
485653.4;0
485653.6;0
485653.8;0
485654;0
485654.2;0
485654.4;0
485654.6;0
485654.8;0
485655;0
485655.2;0
485655.4;0
485655.6;0
485655.8;0
485656;0
485656.2;0
485656.4;0
485656.6;0
485656.8;0
485657;0
485657.2;0
485657.4;0
485657.6;0
485657.8;0
485658;0
485658.2;0
485658.4;0
485658.6;0
485658.8;0
485659;0
485659.2;0
485659.4;0
485659.6;0
485659.8;0
485660;0
485660.2;0
485660.4;0
485660.6;0
485660.8;0
485661;0
485661.2;0
485661.4;0
485661.6;0
485661.8;0
485662;0
485662.2;0
485662.4;0
485662.6;0
485662.8;0
485663;0
485663.2;0
485663.4;0
485663.6;0
485663.8;0
485664;0
485664.2;0
485664.4;0
485664.6;0
485664.8;0
485665;0
485665.2;0
485665.4;0
485665.6;0
485665.8;0
485666;0
485666.2;0
485666.4;0
485666.6;0
485666.8;0
485667;0
485667.2;0
485667.4;0
485667.6;0
485667.8;0
485668;0
485668.2;0
485668.4;0
485668.6;0
485668.8;0
485669;0
485669.2;0
485669.4;0
485669.6;0
485669.8;0
485670;0
485670.2;0
485670.4;0
485670.6;0
485670.8;0
485671;0
485671.2;0
485671.4;0
485671.6;0
485671.8;0
485672;0
485672.2;0
485672.4;0
485672.6;0
485672.8;0
485673;0
485673.2;0
485673.4;0
485673.6;0
485673.8;0
485674;0
485674.2;0
485674.4;0
485674.6;0
485674.8;0
485675;0
485675.2;0
485675.4;0
485675.6;0
485675.8;0
485676;0
485676.2;0
485676.4;0
485676.6;0
485676.8;0
485677;0
485677.2;0
485677.4;0
485677.6;0
485677.8;0
485678;0
485678.2;0
485678.4;0
485678.6;0
485678.8;0
485679;0
485679.2;0
485679.4;0
485679.6;0
485679.8;0
485680;0
485680.2;0
485680.4;0
485680.6;0
485680.8;0
485681;0
485681.2;0
485681.4;0
485681.6;0
485681.8;0
485682;0
485682.2;0
485682.4;0
485682.6;0
485682.8;0
485683;0
485683.2;0
485683.4;0
485683.6;0
485683.8;0
485684;0
485684.2;0
485684.4;0
485684.6;0
485684.8;0
485685;0
485685.2;0
485685.4;0
485685.6;0
485685.8;0
485686;0
485686.2;0
485686.4;0
485686.6;0
485686.8;0
485687;0
485687.2;0
485687.4;0
485687.6;0
485687.8;0
485688;0
485688.2;0
485688.4;0
485688.6;0
485688.8;0
485689;0
485689.2;0
485689.4;0
485689.6;0
485689.8;0
485690;0
485690.2;0
485690.4;0
485690.6;0
485690.8;0
485691;0
485691.2;0
485691.4;0
485691.6;0
485691.8;0
485692;0
485692.2;0
485692.4;0
485692.6;0
485692.8;0
485693;0
485693.2;0
485693.4;0
485693.6;0
485693.8;0
485694;0
485694.2;0
485694.4;0
485694.6;0
485694.8;0
485695;0
485695.2;0
485695.4;0
485695.6;0
485695.8;0
485696;0
485696.2;0
485696.4;0
485696.6;0
485696.8;0
485697;0
485697.2;0
485697.4;0
485697.6;0
485697.8;0
485698;0
485698.2;0
485698.4;0
485698.6;0
485698.8;0
485699;0
485699.2;0
485699.4;0
485699.6;0
485699.8;0
485700;0
485700.2;0
485700.4;0
485700.6;0
485700.8;0
485701;0
485701.2;0
485701.4;0
485701.6;0
485701.8;0
485702;0
485702.2;0
485702.4;0
485702.6;0
485702.8;0
485703;0
485703.2;0
485703.4;0
485703.6;0
485703.8;0
485704;0
485704.2;0
485704.4;0
485704.6;0
485704.8;0
485705;0
485705.2;0
485705.4;0
485705.6;0
485705.8;0
485706;0
485706.2;0
485706.4;0
485706.6;0
485706.8;0
485707;0
485707.2;0
485707.4;0
485707.6;0
485707.8;0
485708;0
485708.2;0
485708.4;0
485708.6;0
485708.8;0
485709;0
485709.2;0
485709.4;0
485709.6;0
485709.8;0
485710;0
485710.2;0
485710.4;0
485710.6;0
485710.8;0
485711;0
485711.2;0
485711.4;0
485711.6;0
485711.8;0
485712;0
485712.2;0
485712.4;0
485712.6;0
485712.8;0
485713;0
485713.2;0
485713.4;0
485713.6;0
485713.8;0
485714;0
485714.2;0
485714.4;0
485714.6;4
485714.8;4
485715;4
485715.2;4
485715.4;4
485715.6;4
485715.8;4
485716;4
485716.2;4
485716.4;4
485716.6;4
485716.8;4
485717;4
485717.2;4
485717.4;4
485717.6;4
485717.8;4
485718;4
485718.2;4
485718.4;4
485718.6;4
485718.8;4
485719;4
485719.2;4
485719.4;4
485719.6;4
485719.8;4
485720;4
485720.2;4
485720.4;4
485720.6;4
485720.8;4
485721;4
485721.2;4
485721.4;4
485721.6;4
485721.8;4
485722;4
485722.2;4
485722.4;4
485722.6;4
485722.8;4
485723;4
485723.2;4
485723.4;4
485723.6;4
485723.8;4
485724;4
485724.2;4
485724.4;4
485724.6;4
485724.8;4
485725;4
485725.2;4
485725.4;4
485725.6;4
485725.8;4
485726;4
485726.2;4
485726.4;4
485726.6;4
485726.8;4
485727;4
485727.2;4
485727.4;4
485727.6;4
485727.8;4
485728;4
485728.2;4
485728.4;4
485728.6;4
485728.8;4
485729;4
485729.2;4
485729.4;4
485729.6;4
485729.8;4
485730;4
485730.2;4
485730.4;4
485730.6;4
485730.8;4
485731;4
485731.2;4
485731.4;4
485731.6;4
485731.8;4
485732;4
485732.2;4
485732.4;4
485732.6;4
485732.8;4
485733;4
485733.2;4
485733.4;4
485733.6;4
485733.8;4
485734;4
485734.2;4
485734.4;4
485734.6;4
485734.8;4
485735;4
485735.2;4
485735.4;4
485735.6;4
485735.8;4
485736;4
485736.2;4
485736.4;4
485736.6;4
485736.8;4
485737;4
485737.2;4
485737.4;4
485737.6;4
485737.8;4
485738;4
485738.2;4
485738.4;4
485738.6;4
485738.8;4
485739;4
485739.2;4
485739.4;4
485739.6;4
485739.8;4
485740;4
485740.2;4
485740.4;4
485740.6;4
485740.8;4
485741;4
485741.2;4
485741.4;4
485741.6;4
485741.8;4
485742;4
485742.2;4
485742.4;4
485742.6;4
485742.8;4
485743;4
485743.2;4
485743.4;4
485743.6;4
485743.8;4
485744;4
485744.2;4
485744.4;4
485744.6;4
485744.8;4
485745;4
485745.2;4
485745.4;4
485745.6;4
485745.8;4
485746;4
485746.2;4
485746.4;4
485746.6;4
485746.8;4
485747;4
485747.2;4
485747.4;4
485747.6;4
485747.8;4
485748;4
485748.2;4
485748.4;4
485748.6;4
485748.8;4
485749;4
485749.2;4
485749.4;4
485749.6;4
485749.8;4
485750;4
485750.2;4
485750.4;4
485750.6;4
485750.8;4
485751;4
485751.2;4
485751.4;4
485751.6;4
485751.8;4
485752;4
485752.2;4
485752.4;4
485752.6;4
485752.8;4
485753;4
485753.2;4
485753.4;4
485753.6;4
485753.8;4
485754;4
485754.2;4
485754.4;4
485754.6;4
485754.8;4
485755;4
485755.2;4
485755.4;4
485755.6;4
485755.8;4
485756;4
485756.2;4
485756.4;4
485756.6;4
485756.8;4
485757;4
485757.2;4
485757.4;4
485757.6;4
485757.8;4
485758;4
485758.2;4
485758.4;4
485758.6;4
485758.8;4
485759;4
485759.2;4
485759.4;4
485759.6;4
485759.8;4
485760;4
485760.2;4
485760.4;4
485760.6;4
485760.8;4
485761;4
485761.2;4
485761.4;4
485761.6;4
485761.8;4
485762;4
485762.2;4
485762.4;4
485762.6;4
485762.8;4
485763;4
485763.2;4
485763.4;4
485763.6;4
485763.8;4
485764;4
485764.2;4
485764.4;4
485764.6;4
485764.8;4
485765;4
485765.2;4
485765.4;4
485765.6;4
485765.8;4
485766;4
485766.2;4
485766.4;4
485766.6;4
485766.8;4
485767;4
485767.2;4
485767.4;4
485767.6;4
485767.8;4
485768;4
485768.2;4
485768.4;4
485768.6;4
485768.8;4
485769;4
485769.2;4
485769.4;4
485769.6;4
485769.8;4
485770;4
485770.2;4
485770.4;4
485770.6;4
485770.8;4
485771;4
485771.2;4
485771.4;4
485771.6;4
485771.8;4
485772;4
485772.2;4
485772.4;4
485772.6;4
485772.8;4
485773;4
485773.2;4
485773.4;4
485773.6;4
485773.8;4
485774;4
485774.2;4
485774.4;4
485774.6;4
485774.8;4
485775;4
485775.2;4
485775.4;4
485775.6;4
485775.8;4
485776;4
485776.2;4
485776.4;4
485776.6;4
485776.8;4
485777;4
485777.2;4
485777.4;4
485777.6;4
485777.8;4
485778;4
485778.2;4
485778.4;4
485778.6;4
485778.8;4
485779;4
485779.2;4
485779.4;4
485779.6;4
485779.8;4
485780;4
485780.2;4
485780.4;4
485780.6;4
485780.8;4
485781;4
485781.2;4
485781.4;4
485781.6;4
485781.8;4
485782;4
485782.2;4
485782.4;4
485782.6;4
485782.8;4
485783;4
485783.2;4
485783.4;4
485783.6;4
485783.8;4
485784;4
485784.2;4
485784.4;4
485784.6;4
485784.8;4
485785;4
485785.2;4
485785.4;4
485785.6;4
485785.8;4
485786;4
485786.2;4
485786.4;4
485786.6;4
485786.8;4
485787;4
485787.2;4
485787.4;4
485787.6;4
485787.8;4
485788;4
485788.2;4
485788.4;4
485788.6;4
485788.8;4
485789;4
485789.2;4
485789.4;4
485789.6;4
485789.8;4
485790;4
485790.2;4
485790.4;4
485790.6;4
485790.8;4
485791;4
485791.2;4
485791.4;4
485791.6;4
485791.8;4
485792;4
485792.2;4
485792.4;4
485792.6;4
485792.8;4
485793;4
485793.2;4
485793.4;4
485793.6;4
485793.8;4
485794;4
485794.2;4
485794.4;4
485794.6;4
485794.8;4
485795;4
485795.2;4
485795.4;4
485795.6;4
485795.8;4
485796;4
485796.2;4
485796.4;4
485796.6;4
485796.8;4
485797;4
485797.2;4
485797.4;4
485797.6;4
485797.8;4
485798;4
485798.2;4
485798.4;4
485798.6;4
485798.8;4
485799;4
485799.2;4
485799.4;4
485799.6;4
485799.8;4
485800;4
485800.2;4
485800.4;4
485800.6;4
485800.8;4
485801;4
485801.2;4
485801.4;4
485801.6;4
485801.8;4
485802;4
485802.2;4
485802.4;4
485802.6;4
485802.8;4
485803;4
485803.2;4
485803.4;4
485803.6;4
485803.8;4
485804;4
485804.2;4
485804.4;4
485804.6;4
485804.8;4
485805;4
485805.2;4
485805.4;4
485805.6;4
485805.8;4
485806;4
485806.2;4
485806.4;4
485806.6;4
485806.8;4
485807;4
485807.2;4
485807.4;4
485807.6;4
485807.8;4
485808;4
485808.2;4
485808.4;4
485808.6;4
485808.8;4
485809;4
485809.2;4
485809.4;4
485809.6;4
485809.8;4
485810;4
485810.2;4
485810.4;4
485810.6;4
485810.8;4
485811;4
485811.2;4
485811.4;4
485811.6;4
485811.8;4
485812;4
485812.2;4
485812.4;4
485812.6;4
485812.8;4
485813;4
485813.2;4
485813.4;4
485813.6;4
485813.8;4
485814;4
485814.2;4
485814.4;4
485814.6;4
485814.8;4
485815;4
485815.2;4
485815.4;4
485815.6;4
485815.8;4
485816;4
485816.2;4
485816.4;4
485816.6;4
485816.8;4
485817;4
485817.2;4
485817.4;4
485817.6;4
485817.8;4
485818;4
485818.2;4
485818.4;4
485818.6;4
485818.8;4
485819;4
485819.2;4
485819.4;4
485819.6;4
485819.8;4
485820;4
485820.2;4
485820.4;4
485820.6;4
485820.8;4
485821;4
485821.2;4
485821.4;4
485821.6;4
485821.8;4
485822;4
485822.2;4
485822.4;4
485822.6;4
485822.8;4
485823;4
485823.2;4
485823.4;4
485823.6;4
485823.8;4
485824;4
485824.2;4
485824.4;4
485824.6;4
485824.8;4
485825;4
485825.2;4
485825.4;4
485825.6;4
485825.8;4
485826;4
485826.2;4
485826.4;4
485826.6;4
485826.8;4
485827;4
485827.2;4
485827.4;4
485827.6;4
485827.8;4
485828;4
485828.2;4
485828.4;4
485828.6;4
485828.8;4
485829;4
485829.2;4
485829.4;4
485829.6;4
485829.8;4
485830;4
485830.2;4
485830.4;4
485830.6;4
485830.8;4
485831;4
485831.2;4
485831.4;4
485831.6;4
485831.8;4
485832;4
485832.2;4
485832.4;4
485832.6;4
485832.8;4
485833;4
485833.2;4
485833.4;4
485833.6;4
485833.8;4
485834;4
485834.2;4
485834.4;4
485834.6;4
485834.8;4
485835;4
485835.2;4
485835.4;4
485835.6;4
485835.8;4
485836;4
485836.2;4
485836.4;4
485836.6;4
485836.8;4
485837;4
485837.2;4
485837.4;4
485837.6;4
485837.8;4
485838;4
485838.2;4
485838.4;0
485838.6;0
485838.8;0
485839;0
485839.2;0
485839.4;0
485839.6;0
485839.8;0
485840;0
485840.2;0
485840.4;0
485840.6;0
485840.8;0
485841;0
485841.2;0
485841.4;0
485841.6;0
485841.8;0
485842;0
485842.2;0
485842.4;0
485842.6;0
485842.8;0
485843;0
485843.2;0
485843.4;0
485843.6;0
485843.8;0
485844;0
485844.2;0
485844.4;0
485844.6;0
485844.8;0
485845;0
485845.2;0
485845.4;0
485845.6;0
485845.8;0
485846;0
485846.2;0
485846.4;0
485846.6;0
485846.8;0
485847;0
485847.2;0
485847.4;0
485847.6;0
485847.8;0
485848;0
485848.2;0
485848.4;0
485848.6;0
485848.8;0
485849;0
485849.2;0
485849.4;0
485849.6;0
485849.8;0
485850;0
485850.2;0
485850.4;0
485850.6;0
485850.8;0
485851;0
485851.2;0
485851.4;0
485851.6;0
485851.8;0
485852;0
485852.2;0
485852.4;0
485852.6;0
485852.8;0
485853;0
485853.2;0
485853.4;0
485853.6;0
485853.8;0
485854;0
485854.2;0
485854.4;0
485854.6;0
485854.8;0
485855;0
485855.2;0
485855.4;0
485855.6;0
485855.8;0
485856;0
485856.2;0
485856.4;0
485856.6;0
485856.8;0
485857;0
485857.2;0
485857.4;0
485857.6;0
485857.8;0
485858;0
485858.2;0
485858.4;0
485858.6;0
485858.8;0
485859;0
485859.2;0
485859.4;0
485859.6;0
485859.8;0
485860;0
485860.2;0
485860.4;0
485860.6;0
485860.8;0
485861;0
485861.2;0
485861.4;0
485861.6;0
485861.8;0
485862;0
485862.2;0
485862.4;0
485862.6;0
485862.8;0
485863;3
485863.2;3
485863.4;3
485863.6;3
485863.8;3
485864;3
485864.2;3
485864.4;3
485864.6;3
485864.8;3
485865;3
485865.2;3
485865.4;3
485865.6;3
485865.8;3
485866;3
485866.2;3
485866.4;3
485866.6;3
485866.8;3
485867;3
485867.2;3
485867.4;3
485867.6;3
485867.8;3
485868;3
485868.2;3
485868.4;3
485868.6;3
485868.8;3
485869;3
485869.2;3
485869.4;3
485869.6;3
485869.8;3
485870;3
485870.2;3
485870.4;3
485870.6;3
485870.8;3
485871;3
485871.2;3
485871.4;3
485871.6;3
485871.8;3
485872;3
485872.2;3
485872.4;3
485872.6;3
485872.8;3
485873;3
485873.2;3
485873.4;3
485873.6;3
485873.8;3
485874;3
485874.2;3
485874.4;3
485874.6;3
485874.8;3
485875;3
485875.2;3
485875.4;3
485875.6;3
485875.8;3
485876;3
485876.2;3
485876.4;3
485876.6;3
485876.8;3
485877;3
485877.2;3
485877.4;3
485877.6;3
485877.8;3
485878;3
485878.2;3
485878.4;3
485878.6;3
485878.8;3
485879;3
485879.2;3
485879.4;3
485879.6;3
485879.8;3
485880;3
485880.2;3
485880.4;3
485880.6;3
485880.8;3
485881;3
485881.2;3
485881.4;3
485881.6;3
485881.8;3
485882;3
485882.2;3
485882.4;3
485882.6;3
485882.8;3
485883;3
485883.2;3
485883.4;3
485883.6;3
485883.8;3
485884;3
485884.2;3
485884.4;3
485884.6;3
485884.8;3
485885;3
485885.2;3
485885.4;3
485885.6;3
485885.8;3
485886;3
485886.2;3
485886.4;3
485886.6;3
485886.8;3
485887;3
485887.2;3
485887.4;3
485887.6;3
485887.8;3
485888;3
485888.2;3
485888.4;3
485888.6;3
485888.8;3
485889;3
485889.2;3
485889.4;3
485889.6;3
485889.8;3
485890;3
485890.2;3
485890.4;3
485890.6;3
485890.8;3
485891;3
485891.2;3
485891.4;3
485891.6;3
485891.8;3
485892;3
485892.2;3
485892.4;3
485892.6;3
485892.8;3
485893;3
485893.2;3
485893.4;3
485893.6;3
485893.8;3
485894;3
485894.2;3
485894.4;3
485894.6;3
485894.8;3
485895;3
485895.2;3
485895.4;3
485895.6;3
485895.8;3
485896;3
485896.2;3
485896.4;3
485896.6;3
485896.8;3
485897;3
485897.2;3
485897.4;3
485897.6;3
485897.8;3
485898;3
485898.2;3
485898.4;3
485898.6;3
485898.8;3
485899;3
485899.2;3
485899.4;3
485899.6;3
485899.8;3
485900;3
485900.2;3
485900.4;3
485900.6;3
485900.8;3
485901;3
485901.2;3
485901.4;3
485901.6;3
485901.8;3
485902;3
485902.2;3
485902.4;3
485902.6;3
485902.8;3
485903;3
485903.2;3
485903.4;3
485903.6;3
485903.8;3
485904;3
485904.2;3
485904.4;3
485904.6;3
485904.8;3
485905;3
485905.2;3
485905.4;3
485905.6;3
485905.8;3
485906;3
485906.2;3
485906.4;3
485906.6;3
485906.8;3
485907;3
485907.2;3
485907.4;3
485907.6;3
485907.8;3
485908;3
485908.2;3
485908.4;3
485908.6;3
485908.8;3
485909;3
485909.2;3
485909.4;3
485909.6;3
485909.8;3
485910;3
485910.2;3
485910.4;3
485910.6;3
485910.8;3
485911;3
485911.2;3
485911.4;3
485911.6;3
485911.8;3
485912;3
485912.2;3
485912.4;3
485912.6;3
485912.8;3
485913;3
485913.2;3
485913.4;3
485913.6;3
485913.8;3
485914;3
485914.2;3
485914.4;3
485914.6;3
485914.8;3
485915;3
485915.2;3
485915.4;3
485915.6;3
485915.8;3
485916;3
485916.2;3
485916.4;3
485916.6;3
485916.8;3
485917;3
485917.2;3
485917.4;3
485917.6;3
485917.8;3
485918;3
485918.2;3
485918.4;3
485918.6;3
485918.8;3
485919;3
485919.2;3
485919.4;3
485919.6;3
485919.8;3
485920;3
485920.2;3
485920.4;3
485920.6;3
485920.8;3
485921;3
485921.2;3
485921.4;3
485921.6;3
485921.8;3
485922;3
485922.2;3
485922.4;3
485922.6;3
485922.8;3
485923;3
485923.2;3
485923.4;3
485923.6;3
485923.8;3
485924;3
485924.2;3
485924.4;3
485924.6;3
485924.8;3
485925;3
485925.2;3
485925.4;3
485925.6;3
485925.8;3
485926;3
485926.2;3
485926.4;3
485926.6;3
485926.8;3
485927;3
485927.2;3
485927.4;3
485927.6;3
485927.8;3
485928;3
485928.2;3
485928.4;3
485928.6;3
485928.8;3
485929;3
485929.2;3
485929.4;3
485929.6;3
485929.8;3
485930;3
485930.2;3
485930.4;3
485930.6;3
485930.8;3
485931;3
485931.2;3
485931.4;3
485931.6;3
485931.8;3
485932;3
485932.2;3
485932.4;3
485932.6;3
485932.8;3
485933;3
485933.2;3
485933.4;3
485933.6;3
485933.8;3
485934;3
485934.2;3
485934.4;3
485934.6;3
485934.8;3
485935;3
485935.2;3
485935.4;3
485935.6;3
485935.8;3
485936;3
485936.2;3
485936.4;3
485936.6;3
485936.8;3
485937;3
485937.2;3
485937.4;3
485937.6;3
485937.8;3
485938;3
485938.2;3
485938.4;3
485938.6;3
485938.8;3
485939;3
485939.2;3
485939.4;3
485939.6;3
485939.8;3
485940;3
485940.2;3
485940.4;3
485940.6;3
485940.8;3
485941;3
485941.2;3
485941.4;3
485941.6;3
485941.8;3
485942;3
485942.2;3
485942.4;3
485942.6;3
485942.8;3
485943;3
485943.2;3
485943.4;3
485943.6;3
485943.8;3
485944;3
485944.2;3
485944.4;3
485944.6;3
485944.8;3
485945;3
485945.2;3
485945.4;3
485945.6;3
485945.8;3
485946;3
485946.2;3
485946.4;3
485946.6;3
485946.8;3
485947;3
485947.2;3
485947.4;3
485947.6;3
485947.8;3
485948;3
485948.2;3
485948.4;3
485948.6;3
485948.8;3
485949;3
485949.2;3
485949.4;3
485949.6;3
485949.8;3
485950;3
485950.2;3
485950.4;3
485950.6;3
485950.8;3
485951;3
485951.2;3
485951.4;3
485951.6;3
485951.8;3
485952;3
485952.2;3
485952.4;3
485952.6;3
485952.8;3
485953;3
485953.2;3
485953.4;3
485953.6;3
485953.8;3
485954;3
485954.2;3
485954.4;3
485954.6;3
485954.8;3
485955;3
485955.2;3
485955.4;3
485955.6;3
485955.8;3
485956;3
485956.2;3
485956.4;3
485956.6;3
485956.8;3
485957;3
485957.2;3
485957.4;3
485957.6;3
485957.8;3
485958;3
485958.2;3
485958.4;3
485958.6;3
485958.8;3
485959;3
485959.2;3
485959.4;3
485959.6;3
485959.8;3
485960;3
485960.2;3
485960.4;3
485960.6;3
485960.8;3
485961;3
485961.2;3
485961.4;3
485961.6;3
485961.8;3
485962;3
485962.2;3
485962.4;3
485962.6;3
485962.8;3
485963;3
485963.2;3
485963.4;3
485963.6;3
485963.8;3
485964;3
485964.2;3
485964.4;3
485964.6;3
485964.8;3
485965;3
485965.2;3
485965.4;3
485965.6;3
485965.8;3
485966;3
485966.2;3
485966.4;3
485966.6;3
485966.8;3
485967;3
485967.2;3
485967.4;3
485967.6;3
485967.8;3
485968;3
485968.2;3
485968.4;3
485968.6;3
485968.8;3
485969;3
485969.2;3
485969.4;3
485969.6;3
485969.8;3
485970;3
485970.2;3
485970.4;3
485970.6;3
485970.8;3
485971;3
485971.2;3
485971.4;3
485971.6;3
485971.8;3
485972;3
485972.2;3
485972.4;3
485972.6;3
485972.8;3
485973;3
485973.2;3
485973.4;3
485973.6;3
485973.8;3
485974;3
485974.2;3
485974.4;3
485974.6;3
485974.8;3
485975;3
485975.2;3
485975.4;3
485975.6;3
485975.8;3
485976;3
485976.2;3
485976.4;3
485976.6;3
485976.8;3
485977;3
485977.2;3
485977.4;3
485977.6;3
485977.8;3
485978;3
485978.2;3
485978.4;3
485978.6;3
485978.8;3
485979;3
485979.2;3
485979.4;3
485979.6;3
485979.8;3
485980;3
485980.2;3
485980.4;3
485980.6;3
485980.8;3
485981;3
485981.2;3
485981.4;3
485981.6;3
485981.8;3
485982;3
485982.2;3
485982.4;3
485982.6;3
485982.8;3
485983;3
485983.2;3
485983.4;3
485983.6;3
485983.8;3
485984;3
485984.2;3
485984.4;3
485984.6;3
485984.8;3
485985;3
485985.2;3
485985.4;3
485985.6;3
485985.8;3
485986;3
485986.2;3
485986.4;3
485986.6;3
485986.8;3
485987;3
485987.2;3
485987.4;3
485987.6;3
485987.8;3
485988;3
485988.2;3
485988.4;3
485988.6;3
485988.8;3
485989;3
485989.2;3
485989.4;3
485989.6;3
485989.8;3
485990;3
485990.2;3
485990.4;3
485990.6;3
485990.8;3
485991;3
485991.2;3
485991.4;3
485991.6;3
485991.8;3
485992;3
485992.2;3
485992.4;3
485992.6;3
485992.8;3
485993;3
485993.2;3
485993.4;3
485993.6;3
485993.8;3
485994;3
485994.2;3
485994.4;3
485994.6;3
485994.8;3
485995;3
485995.2;3
485995.4;3
485995.6;3
485995.8;3
485996;3
485996.2;3
485996.4;3
485996.6;3
485996.8;3
485997;3
485997.2;3
485997.4;3
485997.6;0
485997.8;0
485998;0
485998.2;0
485998.4;0
485998.6;0
485998.8;0
485999;0
485999.2;0
485999.4;0
485999.6;0
485999.8;0
486000;0
486000.2;0
486000.4;0
486000.6;0
486000.8;0
486001;0
486001.2;0
486001.4;0
486001.6;0
486001.8;0
486002;0
486002.2;0
486002.4;0
486002.6;0
486002.8;0
486003;0
486003.2;0
486003.4;0
486003.6;0
486003.8;0
486004;0
486004.2;0
486004.4;0
486004.6;0
486004.8;0
486005;0
486005.2;0
486005.4;0
486005.6;0
486005.8;0
486006;0
486006.2;0
486006.4;0
486006.6;0
486006.8;0
486007;0
486007.2;0
486007.4;0
486007.6;0
486007.8;0
486008;0
486008.2;0
486008.4;0
486008.6;0
486008.8;0
486009;0
486009.2;0
486009.4;0
486009.6;0
486009.8;0
486010;0
486010.2;0
486010.4;0
486010.6;0
486010.8;0
486011;0
486011.2;0
486011.4;0
486011.6;0
486011.8;0
486012;0
486012.2;0
486012.4;0
486012.6;0
486012.8;0
486013;0
486013.2;1
486013.4;1
486013.6;1
486013.8;1
486014;1
486014.2;1
486014.4;1
486014.6;1
486014.8;1
486015;1
486015.2;1
486015.4;1
486015.6;1
486015.8;1
486016;1
486016.2;1
486016.4;1
486016.6;1
486016.8;1
486017;1
486017.2;1
486017.4;1
486017.6;1
486017.8;1
486018;1
486018.2;1
486018.4;1
486018.6;1
486018.8;1
486019;1
486019.2;1
486019.4;1
486019.6;1
486019.8;1
486020;1
486020.2;1
486020.4;1
486020.6;1
486020.8;1
486021;1
486021.2;1
486021.4;1
486021.6;1
486021.8;1
486022;1
486022.2;1
486022.4;1
486022.6;1
486022.8;1
486023;1
486023.2;1
486023.4;1
486023.6;1
486023.8;1
486024;1
486024.2;1
486024.4;1
486024.6;1
486024.8;1
486025;1
486025.2;1
486025.4;1
486025.6;1
486025.8;1
486026;1
486026.2;1
486026.4;1
486026.6;1
486026.8;1
486027;1
486027.2;1
486027.4;1
486027.6;1
486027.8;1
486028;1
486028.2;1
486028.4;1
486028.6;1
486028.8;1
486029;1
486029.2;1
486029.4;1
486029.6;1
486029.8;1
486030;1
486030.2;1
486030.4;1
486030.6;1
486030.8;1
486031;1
486031.2;1
486031.4;1
486031.6;1
486031.8;1
486032;1
486032.2;1
486032.4;1
486032.6;1
486032.8;1
486033;1
486033.2;1
486033.4;1
486033.6;1
486033.8;1
486034;1
486034.2;1
486034.4;1
486034.6;1
486034.8;1
486035;1
486035.2;1
486035.4;1
486035.6;1
486035.8;1
486036;1
486036.2;1
486036.4;1
486036.6;1
486036.8;1
486037;1
486037.2;1
486037.4;1
486037.6;1
486037.8;1
486038;1
486038.2;1
486038.4;1
486038.6;1
486038.8;1
486039;1
486039.2;1
486039.4;1
486039.6;1
486039.8;1
486040;1
486040.2;1
486040.4;1
486040.6;1
486040.8;1
486041;1
486041.2;1
486041.4;1
486041.6;1
486041.8;1
486042;1
486042.2;1
486042.4;1
486042.6;1
486042.8;1
486043;1
486043.2;1
486043.4;1
486043.6;1
486043.8;1
486044;1
486044.2;1
486044.4;1
486044.6;1
486044.8;1
486045;1
486045.2;1
486045.4;1
486045.6;1
486045.8;1
486046;1
486046.2;1
486046.4;1
486046.6;1
486046.8;1
486047;1
486047.2;1
486047.4;1
486047.6;1
486047.8;1
486048;1
486048.2;1
486048.4;1
486048.6;1
486048.8;1
486049;1
486049.2;1
486049.4;1
486049.6;1
486049.8;1
486050;1
486050.2;1
486050.4;1
486050.6;1
486050.8;1
486051;1
486051.2;1
486051.4;1
486051.6;1
486051.8;1
486052;1
486052.2;1
486052.4;1
486052.6;1
486052.8;1
486053;1
486053.2;1
486053.4;1
486053.6;1
486053.8;1
486054;1
486054.2;1
486054.4;1
486054.6;1
486054.8;1
486055;1
486055.2;1
486055.4;1
486055.6;1
486055.8;1
486056;1
486056.2;1
486056.4;1
486056.6;1
486056.8;1
486057;1
486057.2;1
486057.4;1
486057.6;1
486057.8;1
486058;1
486058.2;1
486058.4;1
486058.6;1
486058.8;1
486059;1
486059.2;1
486059.4;1
486059.6;1
486059.8;1
486060;1
486060.2;1
486060.4;1
486060.6;1
486060.8;1
486061;1
486061.2;1
486061.4;1
486061.6;1
486061.8;1
486062;1
486062.2;1
486062.4;1
486062.6;1
486062.8;1
486063;1
486063.2;1
486063.4;1
486063.6;1
486063.8;1
486064;1
486064.2;1
486064.4;1
486064.6;1
486064.8;1
486065;1
486065.2;1
486065.4;1
486065.6;1
486065.8;1
486066;1
486066.2;1
486066.4;1
486066.6;1
486066.8;1
486067;1
486067.2;1
486067.4;1
486067.6;1
486067.8;1
486068;1
486068.2;1
486068.4;1
486068.6;1
486068.8;1
486069;1
486069.2;1
486069.4;1
486069.6;1
486069.8;1
486070;1
486070.2;1
486070.4;1
486070.6;1
486070.8;1
486071;1
486071.2;1
486071.4;1
486071.6;1
486071.8;1
486072;1
486072.2;1
486072.4;1
486072.6;1
486072.8;1
486073;1
486073.2;1
486073.4;1
486073.6;1
486073.8;1
486074;1
486074.2;1
486074.4;1
486074.6;1
486074.8;1
486075;1
486075.2;1
486075.4;1
486075.6;1
486075.8;1
486076;1
486076.2;1
486076.4;1
486076.6;1
486076.8;1
486077;1
486077.2;1
486077.4;1
486077.6;1
486077.8;1
486078;1
486078.2;1
486078.4;1
486078.6;1
486078.8;1
486079;1
486079.2;1
486079.4;1
486079.6;1
486079.8;1
486080;1
486080.2;1
486080.4;1
486080.6;1
486080.8;1
486081;1
486081.2;1
486081.4;1
486081.6;1
486081.8;1
486082;1
486082.2;1
486082.4;1
486082.6;1
486082.8;1
486083;1
486083.2;1
486083.4;1
486083.6;1
486083.8;1
486084;1
486084.2;1
486084.4;1
486084.6;1
486084.8;1
486085;1
486085.2;1
486085.4;1
486085.6;1
486085.8;1
486086;1
486086.2;1
486086.4;1
486086.6;1
486086.8;1
486087;1
486087.2;1
486087.4;1
486087.6;1
486087.8;1
486088;1
486088.2;1
486088.4;1
486088.6;1
486088.8;1
486089;1
486089.2;1
486089.4;1
486089.6;1
486089.8;1
486090;1
486090.2;1
486090.4;1
486090.6;1
486090.8;1
486091;1
486091.2;1
486091.4;1
486091.6;1
486091.8;1
486092;1
486092.2;1
486092.4;1
486092.6;1
486092.8;1
486093;1
486093.2;1
486093.4;1
486093.6;1
486093.8;1
486094;1
486094.2;1
486094.4;1
486094.6;1
486094.8;1
486095;1
486095.2;1
486095.4;1
486095.6;1
486095.8;1
486096;1
486096.2;1
486096.4;1
486096.6;1
486096.8;1
486097;1
486097.2;1
486097.4;1
486097.6;1
486097.8;1
486098;1
486098.2;1
486098.4;1
486098.6;1
486098.8;1
486099;1
486099.2;1
486099.4;1
486099.6;1
486099.8;1
486100;1
486100.2;1
486100.4;1
486100.6;1
486100.8;1
486101;1
486101.2;1
486101.4;1
486101.6;1
486101.8;1
486102;1
486102.2;1
486102.4;1
486102.6;1
486102.8;1
486103;1
486103.2;1
486103.4;1
486103.6;1
486103.8;1
486104;1
486104.2;1
486104.4;1
486104.6;1
486104.8;1
486105;1
486105.2;1
486105.4;1
486105.6;1
486105.8;1
486106;1
486106.2;1
486106.4;1
486106.6;1
486106.8;1
486107;1
486107.2;1
486107.4;1
486107.6;1
486107.8;1
486108;1
486108.2;1
486108.4;1
486108.6;1
486108.8;1
486109;1
486109.2;1
486109.4;1
486109.6;1
486109.8;1
486110;1
486110.2;1
486110.4;1
486110.6;1
486110.8;1
486111;1
486111.2;1
486111.4;1
486111.6;1
486111.8;1
486112;1
486112.2;1
486112.4;1
486112.6;1
486112.8;1
486113;1
486113.2;1
486113.4;1
486113.6;1
486113.8;1
486114;1
486114.2;1
486114.4;1
486114.6;1
486114.8;1
486115;1
486115.2;1
486115.4;1
486115.6;1
486115.8;1
486116;1
486116.2;1
486116.4;1
486116.6;1
486116.8;1
486117;1
486117.2;1
486117.4;1
486117.6;1
486117.8;1
486118;1
486118.2;1
486118.4;1
486118.6;1
486118.8;1
486119;1
486119.2;1
486119.4;1
486119.6;1
486119.8;1
486120;1
486120.2;1
486120.4;1
486120.6;1
486120.8;1
486121;1
486121.2;1
486121.4;1
486121.6;1
486121.8;1
486122;1
486122.2;1
486122.4;1
486122.6;1
486122.8;1
486123;1
486123.2;1
486123.4;1
486123.6;1
486123.8;1
486124;1
486124.2;1
486124.4;1
486124.6;1
486124.8;1
486125;1
486125.2;1
486125.4;1
486125.6;1
486125.8;1
486126;1
486126.2;1
486126.4;1
486126.6;1
486126.8;1
486127;1
486127.2;1
486127.4;1
486127.6;1
486127.8;1
486128;1
486128.2;1
486128.4;1
486128.6;1
486128.8;1
486129;1
486129.2;1
486129.4;1
486129.6;1
486129.8;1
486130;1
486130.2;1
486130.4;1
486130.6;1
486130.8;1
486131;1
486131.2;1
486131.4;1
486131.6;1
486131.8;1
486132;1
486132.2;1
486132.4;1
486132.6;1
486132.8;1
486133;1
486133.2;1
486133.4;1
486133.6;1
486133.8;1
486134;1
486134.2;1
486134.4;1
486134.6;1
486134.8;1
486135;1
486135.2;1
486135.4;1
486135.6;1
486135.8;1
486136;1
486136.2;1
486136.4;1
486136.6;1
486136.8;1
486137;1
486137.2;1
486137.4;1
486137.6;1
486137.8;1
486138;1
486138.2;1
486138.4;1
486138.6;1
486138.8;1
486139;1
486139.2;1
486139.4;1
486139.6;1
486139.8;1
486140;1
486140.2;1
486140.4;1
486140.6;1
486140.8;1
486141;1
486141.2;1
486141.4;1
486141.6;1
486141.8;1
486142;1
486142.2;1
486142.4;1
486142.6;1
486142.8;1
486143;1
486143.2;1
486143.4;1
486143.6;1
486143.8;1
486144;1
486144.2;1
486144.4;1
486144.6;1
486144.8;1
486145;1
486145.2;1
486145.4;1
486145.6;1
486145.8;1
486146;1
486146.2;1
486146.4;1
486146.6;1
486146.8;1
486147;1
486147.2;1
486147.4;1
486147.6;1
486147.8;1
486148;1
486148.2;1
486148.4;1
486148.6;1
486148.8;1
486149;1
486149.2;1
486149.4;1
486149.6;1
486149.8;1
486150;1
486150.2;1
486150.4;1
486150.6;1
486150.8;1
486151;1
486151.2;1
486151.4;1
486151.6;1
486151.8;1
486152;1
486152.2;1
486152.4;1
486152.6;1
486152.8;1
486153;1
486153.2;1
486153.4;1
486153.6;1
486153.8;1
486154;1
486154.2;1
486154.4;1
486154.6;1
486154.8;1
486155;1
486155.2;1
486155.4;1
486155.6;1
486155.8;1
486156;1
486156.2;1
486156.4;1
486156.6;1
486156.8;1
486157;1
486157.2;1
486157.4;1
486157.6;1
486157.8;1
486158;1
486158.2;1
486158.4;1
486158.6;1
486158.8;1
486159;1
486159.2;1
486159.4;1
486159.6;1
486159.8;1
486160;1
486160.2;1
486160.4;1
486160.6;1
486160.8;1
486161;1
486161.2;1
486161.4;1
486161.6;1
486161.8;1
486162;1
486162.2;1
486162.4;1
486162.6;1
486162.8;1
486163;1
486163.2;1
486163.4;1
486163.6;1
486163.8;1
486164;1
486164.2;1
486164.4;1
486164.6;1
486164.8;1
486165;1
486165.2;1
486165.4;1
486165.6;1
486165.8;1
486166;1
486166.2;1
486166.4;1
486166.6;1
486166.8;1
486167;1
486167.2;1
486167.4;1
486167.6;1
486167.8;1
486168;1
486168.2;1
486168.4;1
486168.6;1
486168.8;1
486169;1
486169.2;1
486169.4;1
486169.6;1
486169.8;1
486170;1
486170.2;0
486170.4;0
486170.6;0
486170.8;0
486171;0
486171.2;0
486171.4;0
486171.6;0
486171.8;0
486172;0
486172.2;0
486172.4;0
486172.6;0
486172.8;0
486173;0
486173.2;0
486173.4;0
486173.6;0
486173.8;0
486174;0
486174.2;0
486174.4;0
486174.6;0
486174.8;0
486175;0
486175.2;0
486175.4;0
486175.6;0
486175.8;0
486176;0
486176.2;0
486176.4;0
486176.6;0
486176.8;0
486177;0
486177.2;0
486177.4;0
486177.6;0
486177.8;0
486178;0
486178.2;0
486178.4;0
486178.6;0
486178.8;0
486179;0
486179.2;0
486179.4;0
486179.6;0
486179.8;0
486180;0
486180.2;0
486180.4;0
486180.6;2
486180.8;2
486181;2
486181.2;2
486181.4;2
486181.6;2
486181.8;2
486182;2
486182.2;2
486182.4;2
486182.6;2
486182.8;2
486183;2
486183.2;2
486183.4;2
486183.6;2
486183.8;2
486184;2
486184.2;2
486184.4;2
486184.6;2
486184.8;2
486185;2
486185.2;2
486185.4;2
486185.6;2
486185.8;2
486186;2
486186.2;2
486186.4;2
486186.6;2
486186.8;2
486187;2
486187.2;2
486187.4;2
486187.6;2
486187.8;2
486188;2
486188.2;2
486188.4;2
486188.6;2
486188.8;2
486189;2
486189.2;2
486189.4;2
486189.6;2
486189.8;2
486190;2
486190.2;2
486190.4;2
486190.6;2
486190.8;2
486191;2
486191.2;2
486191.4;2
486191.6;2
486191.8;2
486192;2
486192.2;2
486192.4;2
486192.6;2
486192.8;2
486193;2
486193.2;2
486193.4;2
486193.6;2
486193.8;2
486194;2
486194.2;2
486194.4;2
486194.6;2
486194.8;2
486195;2
486195.2;2
486195.4;2
486195.6;2
486195.8;2
486196;2
486196.2;2
486196.4;2
486196.6;2
486196.8;2
486197;2
486197.2;2
486197.4;2
486197.6;2
486197.8;2
486198;2
486198.2;2
486198.4;2
486198.6;2
486198.8;2
486199;2
486199.2;2
486199.4;2
486199.6;2
486199.8;2
486200;2
486200.2;2
486200.4;2
486200.6;2
486200.8;2
486201;2
486201.2;2
486201.4;2
486201.6;2
486201.8;2
486202;2
486202.2;2
486202.4;2
486202.6;2
486202.8;2
486203;2
486203.2;2
486203.4;2
486203.6;2
486203.8;2
486204;2
486204.2;2
486204.4;2
486204.6;2
486204.8;2
486205;2
486205.2;2
486205.4;2
486205.6;2
486205.8;2
486206;2
486206.2;2
486206.4;2
486206.6;2
486206.8;2
486207;2
486207.2;2
486207.4;2
486207.6;2
486207.8;2
486208;2
486208.2;2
486208.4;2
486208.6;2
486208.8;2
486209;2
486209.2;2
486209.4;2
486209.6;2
486209.8;2
486210;2
486210.2;2
486210.4;2
486210.6;2
486210.8;2
486211;2
486211.2;2
486211.4;2
486211.6;2
486211.8;2
486212;2
486212.2;2
486212.4;2
486212.6;2
486212.8;2
486213;2
486213.2;2
486213.4;2
486213.6;2
486213.8;2
486214;2
486214.2;2
486214.4;2
486214.6;2
486214.8;2
486215;2
486215.2;2
486215.4;2
486215.6;2
486215.8;2
486216;2
486216.2;2
486216.4;2
486216.6;2
486216.8;2
486217;2
486217.2;2
486217.4;2
486217.6;2
486217.8;2
486218;2
486218.2;2
486218.4;2
486218.6;2
486218.8;2
486219;2
486219.2;2
486219.4;2
486219.6;2
486219.8;2
486220;2
486220.2;2
486220.4;2
486220.6;2
486220.8;2
486221;2
486221.2;2
486221.4;2
486221.6;2
486221.8;2
486222;2
486222.2;2
486222.4;2
486222.6;2
486222.8;2
486223;2
486223.2;2
486223.4;2
486223.6;2
486223.8;2
486224;2
486224.2;2
486224.4;2
486224.6;2
486224.8;2
486225;2
486225.2;2
486225.4;2
486225.6;2
486225.8;2
486226;2
486226.2;2
486226.4;2
486226.6;2
486226.8;2
486227;2
486227.2;2
486227.4;2
486227.6;2
486227.8;2
486228;2
486228.2;2
486228.4;2
486228.6;2
486228.8;2
486229;2
486229.2;2
486229.4;2
486229.6;2
486229.8;2
486230;2
486230.2;2
486230.4;2
486230.6;2
486230.8;2
486231;2
486231.2;2
486231.4;2
486231.6;2
486231.8;2
486232;2
486232.2;2
486232.4;2
486232.6;2
486232.8;2
486233;2
486233.2;2
486233.4;2
486233.6;2
486233.8;2
486234;2
486234.2;2
486234.4;2
486234.6;2
486234.8;2
486235;2
486235.2;2
486235.4;2
486235.6;2
486235.8;2
486236;2
486236.2;2
486236.4;2
486236.6;2
486236.8;2
486237;2
486237.2;2
486237.4;2
486237.6;2
486237.8;2
486238;2
486238.2;2
486238.4;2
486238.6;2
486238.8;2
486239;2
486239.2;2
486239.4;2
486239.6;2
486239.8;2
486240;2
486240.2;2
486240.4;2
486240.6;2
486240.8;2
486241;2
486241.2;2
486241.4;2
486241.6;2
486241.8;2
486242;2
486242.2;2
486242.4;2
486242.6;2
486242.8;2
486243;2
486243.2;2
486243.4;2
486243.6;2
486243.8;2
486244;2
486244.2;2
486244.4;2
486244.6;2
486244.8;2
486245;2
486245.2;2
486245.4;2
486245.6;2
486245.8;2
486246;2
486246.2;2
486246.4;2
486246.6;2
486246.8;2
486247;2
486247.2;2
486247.4;2
486247.6;2
486247.8;2
486248;2
486248.2;2
486248.4;2
486248.6;2
486248.8;2
486249;2
486249.2;2
486249.4;2
486249.6;2
486249.8;2
486250;2
486250.2;2
486250.4;2
486250.6;2
486250.8;2
486251;2
486251.2;2
486251.4;2
486251.6;2
486251.8;2
486252;2
486252.2;2
486252.4;2
486252.6;2
486252.8;2
486253;2
486253.2;2
486253.4;2
486253.6;0
486253.8;0
486254;0
486254.2;0
486254.4;0
486254.6;0
486254.8;0
486255;0
486255.2;0
486255.4;0
486255.6;0
486255.8;0
486256;0
486256.2;0
486256.4;0
486256.6;0
486256.8;0
486257;0
486257.2;0
486257.4;0
486257.6;0
486257.8;0
486258;0
486258.2;0
486258.4;0
486258.6;0
486258.8;0
486259;0
486259.2;0
486259.4;0
486259.6;0
486259.8;0
486260;0
486260.2;0
486260.4;0
486260.6;0
486260.8;0
486261;0
486261.2;0
486261.4;0
486261.6;0
486261.8;0
486262;0
486262.2;0
486262.4;0
486262.6;0
486262.8;0
486263;0
486263.2;0
486263.4;0
486263.6;0
486263.8;0
486264;0
486264.2;0
486264.4;0
486264.6;1
486264.8;1
486265;1
486265.2;1
486265.4;1
486265.6;1
486265.8;1
486266;1
486266.2;1
486266.4;1
486266.6;1
486266.8;1
486267;1
486267.2;1
486267.4;1
486267.6;1
486267.8;1
486268;1
486268.2;1
486268.4;1
486268.6;1
486268.8;1
486269;1
486269.2;1
486269.4;1
486269.6;1
486269.8;1
486270;1
486270.2;1
486270.4;1
486270.6;1
486270.8;1
486271;1
486271.2;1
486271.4;1
486271.6;1
486271.8;1
486272;1
486272.2;1
486272.4;1
486272.6;1
486272.8;1
486273;1
486273.2;1
486273.4;1
486273.6;1
486273.8;1
486274;1
486274.2;1
486274.4;1
486274.6;1
486274.8;1
486275;1
486275.2;1
486275.4;1
486275.6;1
486275.8;1
486276;1
486276.2;1
486276.4;1
486276.6;1
486276.8;1
486277;1
486277.2;1
486277.4;1
486277.6;1
486277.8;1
486278;1
486278.2;1
486278.4;1
486278.6;1
486278.8;1
486279;1
486279.2;1
486279.4;1
486279.6;1
486279.8;1
486280;1
486280.2;1
486280.4;1
486280.6;1
486280.8;1
486281;1
486281.2;1
486281.4;1
486281.6;1
486281.8;1
486282;1
486282.2;1
486282.4;1
486282.6;1
486282.8;1
486283;1
486283.2;1
486283.4;1
486283.6;1
486283.8;1
486284;1
486284.2;1
486284.4;1
486284.6;1
486284.8;1
486285;1
486285.2;1
486285.4;1
486285.6;1
486285.8;1
486286;0
486286.2;0
486286.4;0
486286.6;0
486286.8;0
486287;0
486287.2;0
486287.4;0
486287.6;0
486287.8;0
486288;0
486288.2;0
486288.4;0
486288.6;0
486288.8;0
486289;0
486289.2;0
486289.4;0
486289.6;0
486289.8;0
486290;0
486290.2;0
486290.4;0
486290.6;0
486290.8;0
486291;0
486291.2;0
486291.4;0
486291.6;0
486291.8;0
486292;0
486292.2;0
486292.4;0
486292.6;0
486292.8;0
486293;0
486293.2;0
486293.4;0
486293.6;0
486293.8;0
486294;0
486294.2;0
486294.4;0
486294.6;0
486294.8;0
486295;0
486295.2;0
486295.4;0
486295.6;0
486295.8;0
486296;0
486296.2;0
486296.4;0
486296.6;0
486296.8;0
486297;0
486297.2;0
486297.4;0
486297.6;0
486297.8;0
486298;0
486298.2;0
486298.4;0
486298.6;0
486298.8;0
486299;0
486299.2;0
486299.4;0
486299.6;0
486299.8;0
486300;0
486300.2;0
486300.4;0
486300.6;0
486300.8;0
486301;0
486301.2;0
486301.4;0
486301.6;0
486301.8;0
486302;0
486302.2;0
486302.4;0
486302.6;0
486302.8;0
486303;0
486303.2;0
486303.4;0
486303.6;0
486303.8;0
486304;0
486304.2;0
486304.4;0
486304.6;0
486304.8;0
486305;0
486305.2;0
486305.4;0
486305.6;0
486305.8;0
486306;0
486306.2;0
486306.4;0
486306.6;0
486306.8;0
486307;0
486307.2;0
486307.4;0
486307.6;0
486307.8;0
486308;0
486308.2;0
486308.4;0
486308.6;0
486308.8;0
486309;0
486309.2;0
486309.4;0
486309.6;0
486309.8;0
486310;0
486310.2;0
486310.4;0
486310.6;0
486310.8;0
486311;0
486311.2;0
486311.4;0
486311.6;0
486311.8;0
486312;0
486312.2;0
486312.4;0
486312.6;0
486312.8;0
486313;0
486313.2;0
486313.4;0
486313.6;0
486313.8;0
486314;0
486314.2;0
486314.4;0
486314.6;0
486314.8;0
486315;0
486315.2;0
486315.4;0
486315.6;0
486315.8;0
486316;0
486316.2;0
486316.4;0
486316.6;0
486316.8;0
486317;0
486317.2;0
486317.4;0
486317.6;0
486317.8;0
486318;0
486318.2;0
486318.4;0
486318.6;0
486318.8;0
486319;0
486319.2;0
486319.4;0
486319.6;0
486319.8;0
486320;0
486320.2;0
486320.4;0
486320.6;0
486320.8;0
486321;0
486321.2;0
486321.4;0
486321.6;0
486321.8;0
486322;0
486322.2;0
486322.4;0
486322.6;0
486322.8;0
486323;0
486323.2;0
486323.4;0
486323.6;0
486323.8;0
486324;0
486324.2;0
486324.4;0
486324.6;0
486324.8;0
486325;0
486325.2;0
486325.4;0
486325.6;0
486325.8;0
486326;0
486326.2;0
486326.4;0
486326.6;0
486326.8;0
486327;0
486327.2;0
486327.4;0
486327.6;0
486327.8;0
486328;0
486328.2;0
486328.4;0
486328.6;0
486328.8;0
486329;0
486329.2;0
486329.4;0
486329.6;0
486329.8;0
486330;0
486330.2;0
486330.4;0
486330.6;0
486330.8;0
486331;0
486331.2;0
486331.4;0
486331.6;0
486331.8;0
486332;0
486332.2;0
486332.4;0
486332.6;0
486332.8;0
486333;0
486333.2;0
486333.4;0
486333.6;0
486333.8;0
486334;0
486334.2;0
486334.4;0
486334.6;0
486334.8;0
486335;0
486335.2;0
486335.4;0
486335.6;0
486335.8;0
486336;0
486336.2;0
486336.4;0
486336.6;0
486336.8;0
486337;0
486337.2;0
486337.4;0
486337.6;0
486337.8;0
486338;0
486338.2;0
486338.4;0
486338.6;0
486338.8;0
486339;0
486339.2;0
486339.4;0
486339.6;0
486339.8;0
486340;0
486340.2;0
486340.4;0
486340.6;0
486340.8;0
486341;0
486341.2;0
486341.4;0
486341.6;0
486341.8;0
486342;0
486342.2;0
486342.4;0
486342.6;0
486342.8;0
486343;0
486343.2;0
486343.4;0
486343.6;0
486343.8;0
486344;0
486344.2;0
486344.4;0
486344.6;0
486344.8;0
486345;0
486345.2;0
486345.4;0
486345.6;0
486345.8;0
486346;0
486346.2;0
486346.4;0
486346.6;0
486346.8;0
486347;0
486347.2;0
486347.4;0
486347.6;0
486347.8;0
486348;0
486348.2;0
486348.4;0
486348.6;0
486348.8;0
486349;0
486349.2;0
486349.4;0
486349.6;0
486349.8;0
486350;0
486350.2;0
486350.4;0
486350.6;0
486350.8;0
486351;0
486351.2;0
486351.4;0
486351.6;0
486351.8;0
486352;0
486352.2;0
486352.4;0
486352.6;0
486352.8;0
486353;0
486353.2;0
486353.4;0
486353.6;0
486353.8;0
486354;0
486354.2;0
486354.4;0
486354.6;0
486354.8;0
486355;0
486355.2;0
486355.4;0
486355.6;0
486355.8;0
486356;0
486356.2;0
486356.4;0
486356.6;0
486356.8;0
486357;0
486357.2;0
486357.4;0
486357.6;0
486357.8;0
486358;0
486358.2;0
486358.4;0
486358.6;0
486358.8;0
486359;0
486359.2;0
486359.4;0
486359.6;0
486359.8;0
486360;0
486360.2;0
486360.4;0
486360.6;0
486360.8;0
486361;0
486361.2;0
486361.4;0
486361.6;0
486361.8;0
486362;0
486362.2;0
486362.4;0
486362.6;0
486362.8;0
486363;0
486363.2;0
486363.4;0
486363.6;0
486363.8;0
486364;0
486364.2;0
486364.4;0
486364.6;0
486364.8;0
486365;0
486365.2;0
486365.4;0
486365.6;0
486365.8;0
486366;0
486366.2;0
486366.4;0
486366.6;0
486366.8;0
486367;0
486367.2;0
486367.4;0
486367.6;0
486367.8;0
486368;0
486368.2;0
486368.4;0
486368.6;0
486368.8;0
486369;0
486369.2;0
486369.4;0
486369.6;0
486369.8;0
486370;0
486370.2;0
486370.4;0
486370.6;0
486370.8;0
486371;0
486371.2;0
486371.4;0
486371.6;0
486371.8;0
486372;0
486372.2;4
486372.4;4
486372.6;4
486372.8;4
486373;4
486373.2;4
486373.4;4
486373.6;4
486373.8;4
486374;4
486374.2;4
486374.4;4
486374.6;4
486374.8;4
486375;4
486375.2;4
486375.4;4
486375.6;4
486375.8;4
486376;4
486376.2;4
486376.4;4
486376.6;4
486376.8;4
486377;4
486377.2;4
486377.4;4
486377.6;4
486377.8;4
486378;4
486378.2;4
486378.4;4
486378.6;4
486378.8;4
486379;4
486379.2;4
486379.4;4
486379.6;4
486379.8;4
486380;4
486380.2;4
486380.4;4
486380.6;4
486380.8;4
486381;4
486381.2;4
486381.4;4
486381.6;4
486381.8;4
486382;4
486382.2;4
486382.4;4
486382.6;4
486382.8;4
486383;4
486383.2;4
486383.4;4
486383.6;4
486383.8;4
486384;4
486384.2;4
486384.4;4
486384.6;4
486384.8;4
486385;4
486385.2;4
486385.4;4
486385.6;4
486385.8;4
486386;4
486386.2;4
486386.4;4
486386.6;4
486386.8;4
486387;4
486387.2;4
486387.4;4
486387.6;4
486387.8;4
486388;4
486388.2;4
486388.4;4
486388.6;4
486388.8;4
486389;4
486389.2;4
486389.4;4
486389.6;4
486389.8;4
486390;4
486390.2;4
486390.4;4
486390.6;4
486390.8;4
486391;4
486391.2;4
486391.4;4
486391.6;4
486391.8;4
486392;4
486392.2;4
486392.4;4
486392.6;4
486392.8;4
486393;4
486393.2;4
486393.4;4
486393.6;4
486393.8;4
486394;4
486394.2;4
486394.4;4
486394.6;4
486394.8;4
486395;4
486395.2;4
486395.4;4
486395.6;4
486395.8;4
486396;4
486396.2;4
486396.4;4
486396.6;4
486396.8;4
486397;4
486397.2;4
486397.4;4
486397.6;4
486397.8;4
486398;4
486398.2;4
486398.4;4
486398.6;4
486398.8;4
486399;4
486399.2;4
486399.4;4
486399.6;4
486399.8;4
486400;4
486400.2;4
486400.4;4
486400.6;4
486400.8;4
486401;4
486401.2;4
486401.4;4
486401.6;4
486401.8;4
486402;4
486402.2;4
486402.4;4
486402.6;4
486402.8;4
486403;4
486403.2;4
486403.4;4
486403.6;4
486403.8;4
486404;4
486404.2;4
486404.4;4
486404.6;4
486404.8;4
486405;4
486405.2;4
486405.4;4
486405.6;4
486405.8;4
486406;4
486406.2;4
486406.4;4
486406.6;4
486406.8;4
486407;4
486407.2;4
486407.4;4
486407.6;4
486407.8;4
486408;4
486408.2;4
486408.4;4
486408.6;4
486408.8;4
486409;4
486409.2;4
486409.4;4
486409.6;4
486409.8;4
486410;4
486410.2;4
486410.4;4
486410.6;4
486410.8;4
486411;4
486411.2;4
486411.4;4
486411.6;4
486411.8;4
486412;4
486412.2;4
486412.4;4
486412.6;4
486412.8;4
486413;4
486413.2;4
486413.4;4
486413.6;4
486413.8;4
486414;4
486414.2;4
486414.4;4
486414.6;4
486414.8;4
486415;4
486415.2;4
486415.4;4
486415.6;4
486415.8;4
486416;4
486416.2;4
486416.4;4
486416.6;4
486416.8;4
486417;4
486417.2;4
486417.4;4
486417.6;4
486417.8;4
486418;4
486418.2;4
486418.4;4
486418.6;4
486418.8;4
486419;4
486419.2;4
486419.4;4
486419.6;4
486419.8;4
486420;4
486420.2;4
486420.4;4
486420.6;4
486420.8;4
486421;4
486421.2;4
486421.4;4
486421.6;4
486421.8;4
486422;4
486422.2;4
486422.4;4
486422.6;4
486422.8;4
486423;4
486423.2;4
486423.4;4
486423.6;4
486423.8;4
486424;4
486424.2;4
486424.4;4
486424.6;4
486424.8;4
486425;4
486425.2;4
486425.4;4
486425.6;4
486425.8;4
486426;4
486426.2;4
486426.4;4
486426.6;4
486426.8;4
486427;4
486427.2;4
486427.4;4
486427.6;4
486427.8;4
486428;4
486428.2;4
486428.4;4
486428.6;4
486428.8;4
486429;4
486429.2;4
486429.4;4
486429.6;4
486429.8;4
486430;4
486430.2;4
486430.4;4
486430.6;4
486430.8;4
486431;4
486431.2;4
486431.4;4
486431.6;4
486431.8;4
486432;4
486432.2;4
486432.4;4
486432.6;4
486432.8;4
486433;4
486433.2;4
486433.4;4
486433.6;4
486433.8;4
486434;4
486434.2;4
486434.4;4
486434.6;4
486434.8;4
486435;4
486435.2;4
486435.4;4
486435.6;4
486435.8;4
486436;4
486436.2;4
486436.4;4
486436.6;4
486436.8;4
486437;4
486437.2;4
486437.4;4
486437.6;4
486437.8;4
486438;4
486438.2;4
486438.4;4
486438.6;4
486438.8;4
486439;4
486439.2;4
486439.4;4
486439.6;4
486439.8;4
486440;4
486440.2;4
486440.4;4
486440.6;4
486440.8;4
486441;4
486441.2;4
486441.4;4
486441.6;4
486441.8;4
486442;4
486442.2;4
486442.4;4
486442.6;4
486442.8;4
486443;4
486443.2;4
486443.4;4
486443.6;4
486443.8;4
486444;4
486444.2;4
486444.4;4
486444.6;4
486444.8;4
486445;4
486445.2;4
486445.4;4
486445.6;4
486445.8;4
486446;4
486446.2;4
486446.4;4
486446.6;4
486446.8;4
486447;0
486447.2;0
486447.4;0
486447.6;0
486447.8;0
486448;0
486448.2;0
486448.4;0
486448.6;0
486448.8;0
486449;0
486449.2;0
486449.4;0
486449.6;0
486449.8;0
486450;0
486450.2;0
486450.4;0
486450.6;0
486450.8;0
486451;0
486451.2;0
486451.4;0
486451.6;0
486451.8;0
486452;0
486452.2;0
486452.4;0
486452.6;0
486452.8;0
486453;0
486453.2;0
486453.4;0
486453.6;0
486453.8;0
486454;0
486454.2;0
486454.4;0
486454.6;0
486454.8;0
486455;0
486455.2;0
486455.4;0
486455.6;0
486455.8;0
486456;0
486456.2;0
486456.4;0
486456.6;0
486456.8;0
486457;0
486457.2;0
486457.4;0
486457.6;0
486457.8;0
486458;0
486458.2;0
486458.4;0
486458.6;0
486458.8;0
486459;0
486459.2;0
486459.4;0
486459.6;0
486459.8;0
486460;0
486460.2;0
486460.4;0
486460.6;0
486460.8;0
486461;0
486461.2;0
486461.4;0
486461.6;0
486461.8;0
486462;0
486462.2;0
486462.4;0
486462.6;0
486462.8;0
486463;0
486463.2;0
486463.4;0
486463.6;0
486463.8;0
486464;0
486464.2;0
486464.4;0
486464.6;0
486464.8;0
486465;0
486465.2;0
486465.4;0
486465.6;0
486465.8;0
486466;0
486466.2;0
486466.4;0
486466.6;0
486466.8;0
486467;0
486467.2;0
486467.4;0
486467.6;0
486467.8;0
486468;0
486468.2;0
486468.4;0
486468.6;0
486468.8;0
486469;0
486469.2;0
486469.4;0
486469.6;0
486469.8;0
486470;0
486470.2;0
486470.4;0
486470.6;0
486470.8;3
486471;3
486471.2;3
486471.4;3
486471.6;3
486471.8;3
486472;3
486472.2;3
486472.4;3
486472.6;3
486472.8;3
486473;3
486473.2;3
486473.4;3
486473.6;3
486473.8;3
486474;3
486474.2;3
486474.4;3
486474.6;3
486474.8;3
486475;3
486475.2;3
486475.4;3
486475.6;3
486475.8;3
486476;3
486476.2;3
486476.4;3
486476.6;3
486476.8;3
486477;3
486477.2;3
486477.4;3
486477.6;3
486477.8;3
486478;3
486478.2;3
486478.4;3
486478.6;3
486478.8;3
486479;3
486479.2;3
486479.4;3
486479.6;3
486479.8;3
486480;3
486480.2;3
486480.4;3
486480.6;3
486480.8;3
486481;3
486481.2;3
486481.4;3
486481.6;3
486481.8;3
486482;3
486482.2;3
486482.4;3
486482.6;3
486482.8;3
486483;3
486483.2;3
486483.4;3
486483.6;3
486483.8;3
486484;3
486484.2;3
486484.4;3
486484.6;3
486484.8;3
486485;3
486485.2;3
486485.4;3
486485.6;3
486485.8;3
486486;3
486486.2;3
486486.4;3
486486.6;3
486486.8;3
486487;3
486487.2;3
486487.4;3
486487.6;3
486487.8;3
486488;3
486488.2;3
486488.4;3
486488.6;3
486488.8;3
486489;3
486489.2;3
486489.4;3
486489.6;3
486489.8;3
486490;3
486490.2;3
486490.4;3
486490.6;3
486490.8;3
486491;3
486491.2;3
486491.4;3
486491.6;3
486491.8;3
486492;3
486492.2;3
486492.4;3
486492.6;3
486492.8;3
486493;3
486493.2;3
486493.4;3
486493.6;3
486493.8;3
486494;3
486494.2;3
486494.4;3
486494.6;3
486494.8;3
486495;3
486495.2;3
486495.4;3
486495.6;3
486495.8;3
486496;3
486496.2;3
486496.4;3
486496.6;3
486496.8;3
486497;3
486497.2;3
486497.4;3
486497.6;3
486497.8;3
486498;3
486498.2;3
486498.4;3
486498.6;3
486498.8;3
486499;3
486499.2;3
486499.4;3
486499.6;3
486499.8;3
486500;3
486500.2;3
486500.4;3
486500.6;3
486500.8;3
486501;3
486501.2;3
486501.4;3
486501.6;3
486501.8;3
486502;3
486502.2;3
486502.4;3
486502.6;3
486502.8;3
486503;3
486503.2;3
486503.4;3
486503.6;3
486503.8;3
486504;3
486504.2;3
486504.4;3
486504.6;3
486504.8;3
486505;3
486505.2;3
486505.4;3
486505.6;3
486505.8;3
486506;3
486506.2;3
486506.4;3
486506.6;3
486506.8;3
486507;3
486507.2;3
486507.4;3
486507.6;3
486507.8;3
486508;3
486508.2;3
486508.4;3
486508.6;3
486508.8;3
486509;3
486509.2;3
486509.4;3
486509.6;3
486509.8;3
486510;3
486510.2;3
486510.4;3
486510.6;3
486510.8;3
486511;3
486511.2;3
486511.4;3
486511.6;3
486511.8;3
486512;3
486512.2;3
486512.4;3
486512.6;3
486512.8;3
486513;3
486513.2;3
486513.4;3
486513.6;3
486513.8;3
486514;3
486514.2;3
486514.4;3
486514.6;3
486514.8;3
486515;3
486515.2;3
486515.4;3
486515.6;3
486515.8;3
486516;3
486516.2;3
486516.4;3
486516.6;3
486516.8;3
486517;3
486517.2;3
486517.4;3
486517.6;3
486517.8;3
486518;3
486518.2;3
486518.4;3
486518.6;3
486518.8;3
486519;3
486519.2;3
486519.4;3
486519.6;3
486519.8;3
486520;3
486520.2;3
486520.4;3
486520.6;3
486520.8;3
486521;3
486521.2;3
486521.4;3
486521.6;3
486521.8;3
486522;3
486522.2;3
486522.4;3
486522.6;3
486522.8;3
486523;3
486523.2;3
486523.4;3
486523.6;3
486523.8;0
486524;0
486524.2;0
486524.4;0
486524.6;0
486524.8;0
486525;0
486525.2;0
486525.4;0
486525.6;0
486525.8;0
486526;0
486526.2;0
486526.4;0
486526.6;0
486526.8;0
486527;0
486527.2;0
486527.4;0
486527.6;0
486527.8;0
486528;0
486528.2;0
486528.4;0
486528.6;0
486528.8;0
486529;0
486529.2;0
486529.4;0
486529.6;0
486529.8;0
486530;0
486530.2;0
486530.4;0
486530.6;0
486530.8;0
486531;0
486531.2;0
486531.4;0
486531.6;0
486531.8;0
486532;0
486532.2;0
486532.4;0
486532.6;0
486532.8;0
486533;0
486533.2;0
486533.4;0
486533.6;0
486533.8;0
486534;0
486534.2;0
486534.4;0
486534.6;0
486534.8;0
486535;0
486535.2;0
486535.4;0
486535.6;0
486535.8;0
486536;0
486536.2;0
486536.4;0
486536.6;0
486536.8;0
486537;0
486537.2;0
486537.4;0
486537.6;0
486537.8;0
486538;0
486538.2;0
486538.4;0
486538.6;0
486538.8;0
486539;0
486539.2;0
486539.4;0
486539.6;0
486539.8;0
486540;0
486540.2;0
486540.4;0
486540.6;0
486540.8;0
486541;0
486541.2;0
486541.4;0
486541.6;0
486541.8;0
486542;0
486542.2;0
486542.4;0
486542.6;0
486542.8;0
486543;0
486543.2;0
486543.4;0
486543.6;0
486543.8;0
486544;0
486544.2;0
486544.4;0
486544.6;0
486544.8;0
486545;0
486545.2;0
486545.4;0
486545.6;0
486545.8;0
486546;0
486546.2;0
486546.4;0
486546.6;0
486546.8;0
486547;0
486547.2;0
486547.4;0
486547.6;0
486547.8;0
486548;0
486548.2;0
486548.4;0
486548.6;0
486548.8;0
486549;0
486549.2;0
486549.4;0
486549.6;0
486549.8;0
486550;0
486550.2;0
486550.4;0
486550.6;0
486550.8;0
486551;0
486551.2;0
486551.4;0
486551.6;0
486551.8;0
486552;0
486552.2;0
486552.4;0
486552.6;0
486552.8;0
486553;0
486553.2;0
486553.4;0
486553.6;0
486553.8;0
486554;0
486554.2;0
486554.4;0
486554.6;0
486554.8;0
486555;0
486555.2;0
486555.4;0
486555.6;0
486555.8;0
486556;0
486556.2;0
486556.4;0
486556.6;0
486556.8;0
486557;0
486557.2;0
486557.4;0
486557.6;0
486557.8;0
486558;0
486558.2;0
486558.4;0
486558.6;0
486558.8;0
486559;0
486559.2;0
486559.4;0
486559.6;0
486559.8;0
486560;0
486560.2;0
486560.4;0
486560.6;0
486560.8;0
486561;0
486561.2;0
486561.4;0
486561.6;0
486561.8;0
486562;0
486562.2;0
486562.4;0
486562.6;0
486562.8;0
486563;0
486563.2;0
486563.4;0
486563.6;0
486563.8;0
486564;0
486564.2;0
486564.4;0
486564.6;0
486564.8;0
486565;0
486565.2;0
486565.4;0
486565.6;0
486565.8;0
486566;0
486566.2;0
486566.4;0
486566.6;0
486566.8;0
486567;0
486567.2;0
486567.4;0
486567.6;0
486567.8;0
486568;0
486568.2;0
486568.4;0
486568.6;0
486568.8;0
486569;0
486569.2;0
486569.4;0
486569.6;0
486569.8;0
486570;0
486570.2;0
486570.4;0
486570.6;0
486570.8;0
486571;0
486571.2;0
486571.4;0
486571.6;0
486571.8;0
486572;0
486572.2;0
486572.4;0
486572.6;0
486572.8;0
486573;0
486573.2;0
486573.4;0
486573.6;0
486573.8;0
486574;0
486574.2;0
486574.4;0
486574.6;0
486574.8;0
486575;0
486575.2;0
486575.4;0
486575.6;0
486575.8;0
486576;0
486576.2;0
486576.4;0
486576.6;0
486576.8;0
486577;0
486577.2;0
486577.4;0
486577.6;0
486577.8;0
486578;0
486578.2;0
486578.4;0
486578.6;0
486578.8;0
486579;0
486579.2;0
486579.4;0
486579.6;0
486579.8;0
486580;0
486580.2;0
486580.4;0
486580.6;0
486580.8;0
486581;0
486581.2;0
486581.4;0
486581.6;0
486581.8;0
486582;0
486582.2;0
486582.4;0
486582.6;0
486582.8;0
486583;0
486583.2;0
486583.4;0
486583.6;0
486583.8;0
486584;0
486584.2;0
486584.4;0
486584.6;0
486584.8;0
486585;0
486585.2;0
486585.4;0
486585.6;0
486585.8;0
486586;0
486586.2;0
486586.4;0
486586.6;0
486586.8;0
486587;0
486587.2;0
486587.4;0
486587.6;0
486587.8;0
486588;0
486588.2;0
486588.4;0
486588.6;0
486588.8;0
486589;0
486589.2;0
486589.4;0
486589.6;0
486589.8;0
486590;0
486590.2;0
486590.4;0
486590.6;0
486590.8;0
486591;0
486591.2;0
486591.4;0
486591.6;0
486591.8;0
486592;0
486592.2;0
486592.4;0
486592.6;0
486592.8;0
486593;0
486593.2;0
486593.4;0
486593.6;0
486593.8;0
486594;0
486594.2;0
486594.4;0
486594.6;0
486594.8;0
486595;0
486595.2;0
486595.4;0
486595.6;0
486595.8;0
486596;0
486596.2;0
486596.4;0
486596.6;0
486596.8;0
486597;0
486597.2;0
486597.4;0
486597.6;0
486597.8;0
486598;0
486598.2;0
486598.4;0
486598.6;0
486598.8;0
486599;0
486599.2;0
486599.4;0
486599.6;0
486599.8;0
486600;0
486600.2;0
486600.4;0
486600.6;0
486600.8;0
486601;0
486601.2;0
486601.4;0
486601.6;0
486601.8;0
486602;0
486602.2;0
486602.4;0
486602.6;0
486602.8;0
486603;0
486603.2;0
486603.4;0
486603.6;0
486603.8;0
486604;0
486604.2;0
486604.4;0
486604.6;0
486604.8;0
486605;0
486605.2;0
486605.4;0
486605.6;0
486605.8;0
486606;0
486606.2;0
486606.4;0
486606.6;0
486606.8;0
486607;0
486607.2;0
486607.4;0
486607.6;0
486607.8;0
486608;0
486608.2;0
486608.4;0
486608.6;0
486608.8;0
486609;0
486609.2;0
486609.4;0
486609.6;0
486609.8;0
486610;0
486610.2;0
486610.4;0
486610.6;0
486610.8;0
486611;0
486611.2;0
486611.4;0
486611.6;0
486611.8;0
486612;0
486612.2;0
486612.4;0
486612.6;0
486612.8;0
486613;0
486613.2;0
486613.4;0
486613.6;0
486613.8;0
486614;0
486614.2;0
486614.4;0
486614.6;0
486614.8;0
486615;0
486615.2;0
486615.4;0
486615.6;0
486615.8;0
486616;0
486616.2;0
486616.4;0
486616.6;0
486616.8;0
486617;0
486617.2;0
486617.4;0
486617.6;0
486617.8;0
486618;0
486618.2;0
486618.4;0
486618.6;0
486618.8;0
486619;0
486619.2;0
486619.4;0
486619.6;0
486619.8;0
486620;0
486620.2;0
